weekday,meal_type,wait_staff,party_size,meal_total,tip,tip_percent
Saturday,Dinner,Marcia,2,100.64,16.23,0.16126788553259142
Friday,Dinner,Marcia,2,109.84,5.99,0.05453386744355426
Friday,Lunch,Jan,4,90.5,22.04,0.24353591160220994
Monday,Dinner,Marcia,1,60.01,8.77,0.14614230961506416
Monday,Breakfast,Jan,1,10.88,1.68,0.15441176470588233
Saturday,Dinner,Greg,1,60.01,7.71,0.12847858690218297
Saturday,Dinner,Greg,1,54.79,9.08,0.16572367220295675
Friday,Breakfast,Bobby,4,49.33,8.07,0.16359213460368946
Saturday,Dinner,Greg,3,176.23,38.58,0.21891845883220792
Friday,Lunch,Bobby,3,59.69,8.52,0.14273747696431563
Saturday,Dinner,Greg,4,228.41,37.12,0.16251477606059278
Friday,Dinner,Bobby,2,118.41,24.87,0.21003293640739804
Sunday,Dinner,Greg,4,200.81,16.76,0.0834619789851103
Friday,Dinner,Bobby,1,49.33,7.82,0.15852422460977095
Tuesday,Dinner,Greg,3,163.07,10.58,0.06488011283497884
Tuesday,Breakfast,Marcia,1,9.71,1.99,0.20494335736354272
Thursday,Dinner,Greg,3,164.88,47.17,0.28608685104318293
Sunday,Dinner,Peter,2,123.57,24.29,0.19656874645949665
Saturday,Dinner,Greg,1,56.91,8.11,0.14250571077139343
Saturday,Dinner,Jan,3,171.62,32.05,0.18674979606106512
Friday,Lunch,Greg,2,46.28,4.23,0.09140017286084702
Friday,Dinner,Peter,4,227.5,29.41,0.12927472527472528
Saturday,Dinner,Marcia,2,116.47,30.94,0.26564780630205204
Saturday,Dinner,Peter,1,48.72,6.68,0.13711001642036125
Friday,Dinner,Jan,1,48.19,5.28,0.1095663000622536
Friday,Dinner,Marcia,1,55.46,5.29,0.09538406058420483
Friday,Dinner,Bobby,1,60.96,6.61,0.10843175853018373
Friday,Dinner,Greg,4,219.89,45.49,0.20687616535540498
Wednesday,Dinner,Cindy,2,100.74,13.48,0.1338098074250546
Friday,Dinner,Peter,4,214.72,32.32,0.15052160953800298
Saturday,Dinner,Cindy,1,48.97,4.82,0.09842760874004493
Friday,Breakfast,Greg,3,46.44,5.54,0.11929371231696814
Friday,Dinner,Marcia,2,109.87,19.47,0.17720942932556655
Friday,Dinner,Greg,4,243.4,40.13,0.16487263763352508
Thursday,Breakfast,Jan,4,46.96,8.07,0.17184838160136287
Saturday,Dinner,Bobby,4,215.17,44.51,0.20685969233629223
Friday,Dinner,Greg,4,241.08,25.99,0.10780653724904594
Sunday,Breakfast,Peter,2,24.84,3.37,0.1356682769726248
Sunday,Dinner,Greg,3,190.4,27.36,0.14369747899159663
Wednesday,Breakfast,Jan,1,14.24,0.8,0.05617977528089888
Friday,Lunch,Cindy,2,42.34,6.72,0.15871516296646196
Thursday,Dinner,Bobby,2,108.55,17.84,0.16434822662367574
Saturday,Dinner,Marcia,4,249.26,62.38,0.25026077188477897
Saturday,Dinner,Greg,4,232.58,44.37,0.1907730673316708
Saturday,Dinner,Greg,2,126.2,20.38,0.16148969889064976
Friday,Dinner,Peter,3,158.69,21.68,0.1366185644968177
Friday,Dinner,Marcia,3,187.02,14.02,0.0749652443588921
Saturday,Dinner,Greg,4,223.92,26.14,0.11673812075741337
Friday,Dinner,Marcia,2,113.42,23.12,0.20384411920296244
Monday,Dinner,Greg,3,167.24,28.62,0.1711313082994499
Friday,Dinner,Peter,1,65.93,0.75,0.011375701501592598
Friday,Dinner,Marcia,2,118.39,23.78,0.20086155925331534
Monday,Dinner,Peter,1,51.82,7.18,0.13855654187572367
Wednesday,Dinner,Cindy,1,59.58,14.29,0.2398455857670359
Sunday,Dinner,Jan,1,60.29,12.21,0.20252114778570246
Saturday,Dinner,Greg,2,97.39,21.0,0.2156278878734983
Saturday,Dinner,Marcia,2,124.83,19.75,0.1582151726347833
Saturday,Dinner,Greg,1,73.46,4.94,0.06724748162265179
Monday,Dinner,Jan,4,230.47,19.7,0.08547750249490171
Friday,Dinner,Greg,1,66.45,19.27,0.28999247554552293
Wednesday,Dinner,Greg,4,241.97,22.81,0.09426788444848534
Sunday,Dinner,Marcia,2,100.85,16.84,0.16698066435299952
Saturday,Dinner,Greg,4,209.82,29.97,0.14283671718615956
Saturday,Dinner,Greg,1,52.69,2.47,0.04687796545834125
Friday,Breakfast,Peter,2,30.8,1.79,0.058116883116883115
Saturday,Dinner,Peter,4,245.97,29.28,0.1190389071838029
Saturday,Breakfast,Bobby,4,36.89,5.36,0.14529682840878289
Monday,Dinner,Marcia,4,251.27,59.05,0.23500616866319096
Friday,Dinner,Marcia,1,53.81,3.45,0.0641144768630366
Friday,Dinner,Greg,3,146.82,19.72,0.13431412614085275
Saturday,Dinner,Greg,4,243.19,43.34,0.1782145647436161
Saturday,Dinner,Greg,4,214.33,44.4,0.2071571875145803
Wednesday,Dinner,Marcia,4,241.81,47.11,0.19482238120838674
Saturday,Dinner,Peter,4,236.96,36.86,0.15555367994598243
Saturday,Breakfast,Peter,4,37.23,5.92,0.15901154982540963
Wednesday,Breakfast,Marcia,2,21.55,2.04,0.09466357308584687
Saturday,Breakfast,Jan,4,31.16,7.02,0.22528883183568676
Saturday,Breakfast,Marcia,4,46.66,8.32,0.17831118731247322
Thursday,Dinner,Jan,4,247.14,35.87,0.14514040624747107
Monday,Dinner,Jan,3,195.65,33.4,0.17071300792231023
Friday,Dinner,Cindy,4,220.32,34.06,0.1545933188090051
Friday,Dinner,Marcia,4,241.42,34.15,0.14145472620329716
Sunday,Dinner,Greg,2,106.74,6.4,0.05995877833989133
Saturday,Dinner,Greg,3,168.43,15.55,0.09232322032892003
Saturday,Breakfast,Peter,4,39.39,7.44,0.18888042650418888
Saturday,Dinner,Greg,4,250.1,22.06,0.08820471811275489
Sunday,Breakfast,Bobby,4,47.96,7.74,0.16138448707256048
Saturday,Breakfast,Peter,3,23.95,2.73,0.1139874739039666
Friday,Dinner,Marcia,2,117.24,31.21,0.2662060730126237
Saturday,Dinner,Peter,2,127.32,17.53,0.13768457430097394
Friday,Breakfast,Marcia,2,17.59,1.65,0.09380329732802728
Friday,Dinner,Marcia,1,54.58,9.08,0.16636130450714548
Saturday,Dinner,Peter,2,126.38,20.71,0.163870865643298
Tuesday,Dinner,Marcia,4,230.31,49.81,0.21627371803221745
Monday,Breakfast,Peter,2,21.74,5.38,0.24747010119595217
Sunday,Dinner,Marcia,2,125.4,20.67,0.16483253588516747
Saturday,Lunch,Jan,3,66.55,14.06,0.21126972201352368
Friday,Dinner,Peter,3,161.55,30.59,0.1893531414422779
Saturday,Breakfast,Greg,2,24.53,5.64,0.2299225438238891
Monday,Breakfast,Greg,4,57.02,14.49,0.25412136092599086
Saturday,Dinner,Greg,1,71.44,10.47,0.14655655095184772
Sunday,Lunch,Jan,4,88.29,14.45,0.163665194246234
Saturday,Dinner,Greg,4,242.3,52.37,0.21613702022286418
Saturday,Breakfast,Greg,3,40.16,5.02,0.125
Friday,Dinner,Jan,2,108.02,19.32,0.17885576745047213
Friday,Dinner,Jan,4,237.35,2.01,0.008468506425110595
Saturday,Breakfast,Bobby,1,4.75,0.89,0.18736842105263157
Saturday,Dinner,Peter,4,231.22,41.23,0.1783150246518467
Friday,Dinner,Cindy,2,117.4,6.88,0.058603066439523
Sunday,Lunch,Greg,1,21.67,5.18,0.23904014766958925
Wednesday,Dinner,Greg,1,45.92,4.23,0.09211672473867596
Wednesday,Breakfast,Marcia,2,28.8,7.17,0.24895833333333334
Saturday,Dinner,Greg,2,111.08,28.08,0.25279078141879724
Saturday,Dinner,Bobby,4,240.06,14.15,0.05894359743397484
Friday,Dinner,Peter,4,228.61,22.36,0.09780849481649971
Tuesday,Dinner,Peter,1,59.39,13.94,0.234719649772689
Wednesday,Dinner,Jan,4,225.53,44.65,0.19797809604043806
Monday,Breakfast,Bobby,2,17.25,2.35,0.13623188405797101
Tuesday,Breakfast,Jan,4,48.91,7.07,0.14455121652013905
Friday,Dinner,Greg,2,106.01,23.35,0.2202622394113763
Friday,Breakfast,Marcia,2,23.79,2.3,0.09667927700714586
Monday,Dinner,Greg,2,100.63,15.12,0.1502534035575872
Tuesday,Dinner,Cindy,4,223.54,11.55,0.051668605171333995
Saturday,Dinner,Greg,2,117.99,17.15,0.14535130095770826
Friday,Dinner,Bobby,4,221.35,35.35,0.1597018296814999
Sunday,Dinner,Greg,4,248.75,50.68,0.2037386934673367
Sunday,Dinner,Jan,4,230.19,19.25,0.0836265693557496
Friday,Dinner,Cindy,2,120.92,19.69,0.16283493218656964
Monday,Breakfast,Cindy,3,27.77,5.97,0.21498019445444724
Monday,Breakfast,Greg,4,33.2,8.1,0.2439759036144578
Friday,Dinner,Peter,4,229.59,54.74,0.23842501851125922
Saturday,Lunch,Greg,2,44.21,6.56,0.14838271884189097
Saturday,Breakfast,Greg,2,20.04,2.34,0.11676646706586827
Friday,Lunch,Marcia,1,20.65,4.2,0.2033898305084746
Monday,Dinner,Cindy,4,239.2,50.65,0.211747491638796
Saturday,Breakfast,Marcia,2,18.91,4.54,0.24008461131676362
Thursday,Dinner,Bobby,1,52.8,10.8,0.20454545454545456
Friday,Dinner,Greg,4,247.28,33.07,0.1337350372047881
Saturday,Dinner,Marcia,2,128.15,12.56,0.0980101443620757
Saturday,Dinner,Jan,3,162.8,8.0,0.04914004914004914
Sunday,Dinner,Jan,4,241.13,51.41,0.2132044955003525
Friday,Dinner,Cindy,4,221.01,34.13,0.15442740147504638
Saturday,Dinner,Peter,4,227.13,25.68,0.1130630035662396
Saturday,Dinner,Greg,3,170.06,43.35,0.25491003175349874
Tuesday,Breakfast,Marcia,1,12.43,2.89,0.23250201126307324
Friday,Dinner,Peter,2,102.36,18.4,0.17975771785853847
Saturday,Breakfast,Greg,4,48.01,13.61,0.28348260779004375
Saturday,Dinner,Marcia,2,121.15,17.69,0.14601733388361535
Friday,Lunch,Jan,1,24.65,4.49,0.1821501014198783
Friday,Dinner,Jan,4,236.76,44.77,0.18909444162865352
Saturday,Dinner,Marcia,1,63.2,3.19,0.050474683544303796
Saturday,Dinner,Greg,2,99.02,20.27,0.20470611997576246
Friday,Breakfast,Greg,2,18.31,2.95,0.1611141452758056
Saturday,Dinner,Peter,2,94.94,18.05,0.19012007583737098
Saturday,Lunch,Jan,2,39.83,5.42,0.13607833291488827
Friday,Dinner,Bobby,2,97.21,12.73,0.1309536055961321
Saturday,Dinner,Peter,4,230.3,36.27,0.15749023013460703
Sunday,Dinner,Marcia,1,64.21,7.03,0.10948450397134404
Saturday,Dinner,Jan,2,110.56,22.84,0.20658465991316932
Sunday,Breakfast,Cindy,2,20.63,1.83,0.08870576829859429
Thursday,Breakfast,Jan,4,46.75,7.15,0.15294117647058825
Thursday,Breakfast,Jan,2,30.38,5.99,0.19716919025674787
Thursday,Breakfast,Greg,4,43.54,7.41,0.1701883325677538
Wednesday,Lunch,Greg,4,92.02,8.54,0.0928059117583134
Saturday,Breakfast,Greg,4,54.23,10.93,0.20154895814125023
Friday,Dinner,Greg,3,163.69,22.04,0.13464475533019732
Sunday,Breakfast,Greg,4,42.59,5.46,0.1281991077717774
Saturday,Dinner,Bobby,2,103.83,13.95,0.13435423288067033
Saturday,Dinner,Bobby,1,52.8,5.3,0.10037878787878789
Sunday,Dinner,Jan,2,116.55,21.51,0.18455598455598457
Saturday,Breakfast,Marcia,1,10.3,1.81,0.17572815533980582
Monday,Lunch,Peter,2,51.35,6.33,0.12327166504381694
Tuesday,Dinner,Marcia,1,59.59,16.51,0.2770599093807686
Thursday,Dinner,Peter,1,52.14,6.17,0.11833525124664365
Saturday,Dinner,Peter,2,127.24,28.45,0.22359320968248977
Saturday,Dinner,Jan,2,128.17,26.48,0.2066006085667473
Saturday,Dinner,Jan,2,110.77,8.92,0.08052721856098222
Friday,Dinner,Marcia,2,98.83,17.17,0.17373267226550645
Friday,Dinner,Greg,4,232.1,57.73,0.24872899612236105
Tuesday,Lunch,Cindy,2,46.25,4.45,0.09621621621621622
Tuesday,Dinner,Marcia,4,242.97,32.86,0.1352430341194386
Saturday,Breakfast,Greg,4,48.27,8.59,0.17795732338926867
Saturday,Breakfast,Greg,2,22.4,3.28,0.14642857142857144
Saturday,Dinner,Marcia,2,106.21,15.53,0.14621975331889653
Monday,Breakfast,Bobby,1,7.15,0.36,0.050349650349650346
Friday,Dinner,Greg,4,224.41,38.11,0.1698230916625819
Sunday,Dinner,Bobby,2,107.0,15.24,0.1424299065420561
Sunday,Dinner,Jan,4,240.79,38.06,0.15806304248515304
Wednesday,Dinner,Greg,4,238.05,38.63,0.16227683259819367
Monday,Breakfast,Marcia,3,46.56,10.0,0.21477663230240548
Friday,Breakfast,Bobby,4,50.23,8.23,0.16384630698785588
Friday,Dinner,Marcia,3,183.97,23.58,0.12817307169647224
Sunday,Breakfast,Marcia,4,49.96,7.89,0.15792634107285827
Friday,Dinner,Greg,4,217.73,20.9,0.0959904468837551
Friday,Dinner,Greg,1,49.85,7.12,0.14282848545636911
Friday,Dinner,Peter,4,246.25,13.18,0.05352284263959391
Saturday,Dinner,Marcia,4,219.96,20.07,0.09124386252045827
Friday,Dinner,Bobby,3,179.11,23.02,0.1285243704985763
Saturday,Breakfast,Marcia,2,30.98,5.47,0.17656552614590057
Saturday,Dinner,Greg,1,43.4,4.94,0.11382488479262674
Saturday,Dinner,Peter,2,96.0,14.21,0.14802083333333335
Friday,Dinner,Bobby,4,256.79,43.49,0.16936017757700844
Saturday,Lunch,Marcia,4,84.68,10.37,0.12246102975909304
Friday,Dinner,Marcia,2,115.27,16.63,0.14426997484167606
Monday,Dinner,Marcia,4,255.77,42.66,0.16679047581811782
Friday,Dinner,Jan,2,118.66,17.75,0.14958705545255352
Friday,Breakfast,Marcia,1,9.82,0.81,0.0824847250509165
Friday,Dinner,Bobby,2,105.35,9.06,0.08599905078310395
Sunday,Dinner,Jan,2,112.67,11.36,0.10082541936629093
Saturday,Breakfast,Marcia,3,24.51,1.78,0.07262341901264789
Friday,Dinner,Bobby,2,122.53,26.12,0.21317228433852933
Wednesday,Dinner,Greg,3,181.32,47.63,0.26268475623207593
Friday,Breakfast,Cindy,1,13.9,2.6,0.18705035971223022
Friday,Dinner,Cindy,4,231.72,21.61,0.09325910581736578
Saturday,Lunch,Peter,2,52.55,11.16,0.21236917221693627
Friday,Dinner,Greg,1,47.42,5.08,0.10712779417967103
Sunday,Dinner,Marcia,4,228.08,30.64,0.13433882848123466
Friday,Lunch,Marcia,2,48.03,1.52,0.031646887362065376
Saturday,Dinner,Greg,4,238.93,38.46,0.16096764742811703
Tuesday,Dinner,Marcia,4,229.23,26.31,0.1147755529380971
Sunday,Dinner,Cindy,2,118.44,30.32,0.25599459642012834
Friday,Dinner,Jan,2,108.97,7.9,0.07249701752775994
Sunday,Lunch,Bobby,2,45.04,4.87,0.10812611012433393
Friday,Dinner,Peter,2,118.51,17.87,0.1507889629567125
Saturday,Dinner,Greg,3,176.82,35.75,0.20218301097160957
Saturday,Dinner,Bobby,4,222.99,46.83,0.21000941746266646
Saturday,Breakfast,Greg,2,22.81,2.67,0.1170539237176677
Thursday,Dinner,Marcia,4,208.79,10.09,0.04832606925619043
Saturday,Dinner,Cindy,1,49.4,10.76,0.21781376518218623
Wednesday,Dinner,Jan,2,97.31,10.83,0.11129380330901244
Saturday,Dinner,Cindy,4,230.25,35.91,0.15596091205211726
Friday,Dinner,Greg,3,180.32,23.48,0.13021295474711625
Friday,Dinner,Jan,4,217.41,36.83,0.16940343130490776
Saturday,Breakfast,Greg,2,25.56,3.5,0.13693270735524257
Friday,Dinner,Peter,2,129.08,35.37,0.27401611403780596
Saturday,Dinner,Greg,4,238.76,31.97,0.13390015077902495
Sunday,Lunch,Marcia,4,97.76,13.53,0.1384001636661211
Saturday,Lunch,Greg,4,78.27,10.21,0.1304458924236617
Sunday,Dinner,Jan,3,144.62,40.21,0.27803899875535887
Saturday,Dinner,Marcia,1,64.02,9.57,0.14948453608247425
Saturday,Dinner,Bobby,2,92.58,7.97,0.08608770792827825
Monday,Dinner,Marcia,4,235.4,19.05,0.08092608326253187
Monday,Lunch,Peter,4,101.5,13.21,0.13014778325123152
Sunday,Dinner,Greg,2,116.35,11.77,0.10116029222174473
Saturday,Dinner,Greg,2,112.27,22.75,0.20263650129152935
Friday,Breakfast,Jan,4,41.82,7.46,0.17838354854136776
Wednesday,Dinner,Marcia,4,233.88,60.75,0.25974858902001025
Friday,Dinner,Marcia,1,44.97,8.86,0.19702023571269733
Thursday,Dinner,Jan,1,66.08,12.93,0.19567191283292978
Friday,Lunch,Bobby,4,83.02,17.86,0.215128884606119
Sunday,Dinner,Peter,4,246.02,27.49,0.11173888301764083
Friday,Breakfast,Greg,2,24.77,1.04,0.04198627371820751
Friday,Lunch,Jan,2,38.41,3.65,0.09502733663108566
Monday,Breakfast,Bobby,2,25.92,3.6,0.1388888888888889
Saturday,Dinner,Jan,4,225.5,31.64,0.14031042128603105
Saturday,Dinner,Greg,2,117.18,9.98,0.08516811742618194
Sunday,Breakfast,Greg,1,8.38,1.49,0.17780429594272074
Saturday,Lunch,Marcia,2,52.48,10.1,0.19245426829268295
Saturday,Dinner,Peter,1,49.71,13.91,0.27982297324482
Saturday,Breakfast,Marcia,1,7.63,1.79,0.2346002621231979
Friday,Breakfast,Greg,3,34.97,6.13,0.17529310837861023
Friday,Dinner,Greg,1,64.32,6.29,0.09779228855721395
Saturday,Breakfast,Marcia,4,46.15,13.05,0.28277356446370533
Tuesday,Breakfast,Greg,4,45.23,8.59,0.1899181958876852
Friday,Dinner,Marcia,2,108.85,19.98,0.1835553514010106
Sunday,Dinner,Greg,3,163.33,18.53,0.11345129492438621
Saturday,Dinner,Cindy,4,246.6,34.02,0.13795620437956205
Sunday,Dinner,Greg,2,114.59,22.79,0.19888297408150798
Friday,Dinner,Jan,1,61.98,10.6,0.17102291061632785
Saturday,Lunch,Bobby,1,20.6,2.63,0.12766990291262134
Saturday,Dinner,Greg,2,123.72,19.95,0.16125121241513093
Saturday,Breakfast,Bobby,4,33.44,5.03,0.15041866028708137
Saturday,Dinner,Peter,4,229.48,19.42,0.08462611120794841
Tuesday,Dinner,Cindy,2,105.1,13.22,0.12578496669838252
Saturday,Dinner,Jan,3,163.54,14.63,0.08945823651706006
Wednesday,Breakfast,Marcia,1,11.01,2.28,0.2070844686648501
Sunday,Breakfast,Marcia,1,11.61,2.41,0.2075796726959518
Sunday,Breakfast,Marcia,1,14.52,1.81,0.12465564738292012
Friday,Dinner,Cindy,2,129.34,33.06,0.2556053811659193
Saturday,Lunch,Cindy,1,20.8,2.01,0.09663461538461537
Friday,Dinner,Peter,4,269.97,55.14,0.20424491610178908
Friday,Breakfast,Peter,2,28.81,5.82,0.20201318986463035
Tuesday,Dinner,Marcia,4,221.5,46.32,0.2091196388261851
Sunday,Breakfast,Peter,3,31.55,2.68,0.08494453248811411
Sunday,Dinner,Bobby,4,218.99,51.05,0.2331156673820722
Tuesday,Dinner,Greg,3,173.9,32.22,0.18527889591719376
Saturday,Dinner,Greg,4,202.71,31.09,0.1533718119481032
Friday,Dinner,Greg,2,106.81,15.21,0.14240239677932778
Friday,Dinner,Bobby,4,225.57,18.51,0.08205878441282086
Friday,Lunch,Greg,4,97.11,19.67,0.20255380496344352
Thursday,Dinner,Marcia,2,110.54,15.21,0.13759724986430252
Friday,Lunch,Marcia,2,44.24,8.44,0.1907775768535262
Friday,Dinner,Marcia,3,168.69,7.92,0.04695002667615152
Wednesday,Lunch,Peter,2,47.11,9.83,0.208660581617491
Saturday,Dinner,Marcia,1,54.25,2.29,0.042211981566820274
Saturday,Dinner,Cindy,2,107.52,22.74,0.2114955357142857
Tuesday,Dinner,Jan,4,242.42,11.4,0.047025822951901664
Sunday,Dinner,Cindy,4,225.43,27.55,0.12221088586257375
Saturday,Breakfast,Jan,4,43.88,6.21,0.14152233363719233
Saturday,Dinner,Peter,2,117.39,14.34,0.12215691285458727
Thursday,Breakfast,Marcia,1,14.4,3.06,0.2125
Wednesday,Dinner,Greg,4,222.61,28.75,0.1291496338888639
Friday,Dinner,Peter,2,119.72,19.17,0.16012362178416306
Thursday,Dinner,Jan,1,50.15,9.19,0.18325024925224326
Saturday,Breakfast,Bobby,4,41.75,8.21,0.19664670658682637
Saturday,Breakfast,Jan,4,45.02,7.75,0.17214571301643714
Saturday,Lunch,Jan,4,101.35,10.87,0.10725209669462259
Saturday,Breakfast,Marcia,1,13.25,1.9,0.14339622641509434
Thursday,Breakfast,Peter,2,23.06,1.72,0.0745880312228968
Friday,Breakfast,Cindy,2,17.36,3.1,0.17857142857142858
Saturday,Breakfast,Bobby,4,45.73,7.24,0.1583205773015526
Friday,Dinner,Jan,2,122.21,17.84,0.14597823418705508
Saturday,Dinner,Bobby,3,175.97,37.33,0.21213843268738988
Sunday,Dinner,Cindy,4,247.51,12.35,0.049896973859642035
Saturday,Dinner,Marcia,4,222.17,41.94,0.18877436197506414
Friday,Dinner,Cindy,2,122.1,26.28,0.21523341523341524
Saturday,Breakfast,Marcia,1,13.15,2.01,0.15285171102661596
Friday,Dinner,Jan,2,124.17,24.26,0.1953773053072401
Saturday,Dinner,Peter,1,51.03,10.65,0.2087007642563198
Friday,Dinner,Greg,1,61.75,13.25,0.2145748987854251
Friday,Dinner,Peter,2,126.04,29.21,0.23175182481751824
Monday,Dinner,Marcia,4,242.85,58.2,0.23965410747374924
Friday,Breakfast,Greg,4,48.48,8.56,0.1765676567656766
Saturday,Dinner,Cindy,3,173.85,35.89,0.20644233534656314
Saturday,Dinner,Cindy,4,213.23,60.4,0.2832622051306101
Saturday,Dinner,Greg,2,117.15,11.76,0.10038412291933418
Tuesday,Breakfast,Peter,4,58.85,7.19,0.1221750212404418
Friday,Lunch,Bobby,2,47.18,10.66,0.22594319626960577
Monday,Dinner,Bobby,2,125.08,16.34,0.13063639270866645
Saturday,Dinner,Marcia,2,114.63,22.75,0.19846462531623485
Friday,Dinner,Peter,1,41.96,4.78,0.11391801715919925
Wednesday,Dinner,Marcia,1,54.26,13.06,0.2406929598230741
Thursday,Dinner,Marcia,2,114.18,14.04,0.12296374146085128
Monday,Dinner,Greg,2,102.03,10.35,0.1014407527197883
Tuesday,Dinner,Marcia,1,56.92,7.09,0.12456078706957133
Friday,Dinner,Marcia,4,221.73,22.34,0.100753168267713
Saturday,Dinner,Jan,4,220.86,11.47,0.05193335144435389
Saturday,Dinner,Marcia,1,54.34,4.33,0.07968347442031652
Saturday,Lunch,Bobby,4,87.06,17.57,0.20181484033999542
Sunday,Breakfast,Bobby,1,11.72,2.59,0.22098976109215016
Wednesday,Lunch,Jan,2,37.33,6.02,0.16126439860701847
Monday,Dinner,Bobby,4,225.63,35.59,0.15773611665115456
Tuesday,Dinner,Peter,4,257.2,24.76,0.09626749611197513
Saturday,Breakfast,Peter,2,21.82,0.46,0.021081576535288728
Saturday,Dinner,Cindy,4,233.75,39.51,0.16902673796791443
Sunday,Dinner,Greg,3,172.37,20.59,0.11945234089458723
Sunday,Dinner,Cindy,4,242.48,34.64,0.14285714285714288
Friday,Dinner,Peter,2,138.63,12.49,0.09009593882997909
Saturday,Lunch,Peter,4,87.63,15.04,0.17163072007303434
Sunday,Breakfast,Greg,2,25.4,3.62,0.1425196850393701
Tuesday,Breakfast,Marcia,1,9.39,1.37,0.14589989350372737
Sunday,Dinner,Marcia,1,52.73,11.89,0.225488336810165
Saturday,Dinner,Greg,4,231.22,11.59,0.050125421676325575
Saturday,Breakfast,Jan,1,11.99,2.27,0.18932443703085905
Friday,Breakfast,Jan,2,15.58,3.24,0.2079589216944801
Sunday,Breakfast,Peter,4,43.96,4.76,0.10828025477707005
Sunday,Lunch,Peter,1,21.97,3.05,0.13882567137005006
Friday,Lunch,Peter,1,21.23,2.99,0.14083843617522374
Saturday,Dinner,Bobby,4,226.8,43.58,0.1921516754850088
Saturday,Dinner,Marcia,4,231.08,11.53,0.04989613986498182
Friday,Breakfast,Bobby,2,11.65,0.78,0.06695278969957082
Sunday,Dinner,Bobby,2,120.03,24.48,0.2039490127468133
Friday,Dinner,Marcia,2,139.15,28.69,0.2061803808839382
Friday,Dinner,Peter,4,247.61,49.82,0.2012035055127014
Friday,Dinner,Peter,1,57.23,12.59,0.21998951598811814
Saturday,Dinner,Peter,2,119.21,17.21,0.14436708329838102
Saturday,Dinner,Marcia,4,228.66,10.13,0.044301583136534595
Sunday,Breakfast,Bobby,2,31.43,4.42,0.14062997136493796
Saturday,Dinner,Greg,3,172.26,17.31,0.10048763497039359
Saturday,Dinner,Jan,4,225.61,27.43,0.12158149018217276
Friday,Dinner,Peter,2,111.71,28.69,0.25682570942619287
Sunday,Breakfast,Marcia,3,42.67,8.4,0.19685962034216076
Thursday,Dinner,Greg,1,44.68,10.07,0.22538048343777978
Thursday,Breakfast,Marcia,4,44.24,5.05,0.11415009041591319
Friday,Dinner,Marcia,1,43.76,9.46,0.21617915904936016
Saturday,Lunch,Greg,1,27.66,7.57,0.2736804049168474
Saturday,Dinner,Greg,3,176.39,31.52,0.17869493735472533
Saturday,Dinner,Cindy,3,176.33,14.99,0.08501105881018545
Sunday,Dinner,Greg,1,57.12,6.99,0.12237394957983194
Sunday,Dinner,Greg,4,207.89,36.84,0.1772091009668575
Tuesday,Breakfast,Greg,1,18.47,3.49,0.18895506226312941
Saturday,Breakfast,Jan,2,20.67,4.75,0.2298016448959845
Saturday,Lunch,Cindy,1,28.75,5.52,0.19199999999999998
Saturday,Dinner,Peter,4,245.67,52.22,0.2125615663288151
Saturday,Dinner,Cindy,2,123.77,17.66,0.14268401066494305
Friday,Breakfast,Jan,4,61.17,5.93,0.09694294588850744
Sunday,Dinner,Marcia,2,123.31,14.99,0.12156353904792798
Friday,Dinner,Marcia,2,135.94,21.76,0.16007061939090778
Friday,Dinner,Cindy,1,57.08,5.12,0.08969866853538894
Saturday,Dinner,Marcia,3,172.11,15.98,0.09284759746673639
Friday,Dinner,Greg,1,69.36,13.21,0.19045559400230683
Friday,Dinner,Greg,4,260.57,20.48,0.07859692213224853
Saturday,Dinner,Peter,4,237.7,43.84,0.18443416070677326
Saturday,Dinner,Bobby,3,157.02,15.85,0.10094255508852375
Saturday,Dinner,Cindy,1,50.41,3.6,0.07141440190438406
Tuesday,Breakfast,Peter,2,27.76,5.02,0.18083573487031698
Saturday,Dinner,Marcia,2,118.22,2.55,0.02156995432244967
Saturday,Breakfast,Peter,3,25.74,1.41,0.054778554778554776
Sunday,Lunch,Marcia,4,98.66,14.83,0.15031421041962295
Friday,Dinner,Greg,4,271.37,54.84,0.2020857132328555
Wednesday,Dinner,Peter,2,111.7,27.58,0.24691136974037597
Saturday,Dinner,Bobby,1,64.3,14.04,0.21835147744945568
Saturday,Dinner,Marcia,4,198.58,8.36,0.042098902205660184
Sunday,Dinner,Jan,1,48.82,10.28,0.21056943875460876
Saturday,Dinner,Marcia,1,62.88,12.86,0.20451653944020354
Saturday,Dinner,Jan,4,225.72,12.19,0.05400496189969874
Friday,Breakfast,Greg,2,29.93,7.39,0.24690945539592382
Tuesday,Breakfast,Peter,4,40.89,7.53,0.18415260454878943
Friday,Dinner,Cindy,2,111.84,11.99,0.10720672389127324
Saturday,Dinner,Jan,3,158.38,24.09,0.15210253819926758
Saturday,Breakfast,Cindy,2,26.23,3.19,0.12161646969119329
Friday,Breakfast,Marcia,1,12.9,1.25,0.09689922480620154
Saturday,Breakfast,Peter,2,23.13,5.26,0.227410289667099
Friday,Dinner,Jan,2,107.44,19.22,0.1788905435591958
Saturday,Dinner,Jan,2,117.68,16.61,0.14114547926580556
Saturday,Dinner,Peter,3,160.89,20.8,0.12928087513207784
Saturday,Breakfast,Cindy,4,56.99,5.6,0.09826285313212843
Saturday,Dinner,Marcia,3,189.56,42.45,0.22393964971512978
Monday,Lunch,Greg,4,94.11,19.42,0.2063542662841356
Friday,Dinner,Jan,1,49.13,7.75,0.15774475880317523
Wednesday,Dinner,Cindy,4,214.86,14.52,0.06757888857860932
Saturday,Lunch,Greg,4,88.35,7.36,0.08330503678551218
Saturday,Lunch,Peter,2,50.35,2.33,0.04627606752730884
Saturday,Dinner,Jan,4,221.44,32.84,0.1483020231213873
Friday,Breakfast,Marcia,4,47.8,10.24,0.21422594142259416
Saturday,Dinner,Greg,2,103.46,16.57,0.1601585153682583
Sunday,Dinner,Greg,3,174.89,32.88,0.18800388815827093
Saturday,Dinner,Marcia,2,101.06,28.31,0.28013061547595486
Monday,Breakfast,Jan,4,44.52,2.31,0.051886792452830184
Thursday,Dinner,Peter,1,52.54,6.46,0.1229539398553483
Saturday,Dinner,Jan,2,125.69,27.17,0.2161667594876283
Friday,Dinner,Greg,3,160.58,41.18,0.2564453854776435
Sunday,Lunch,Marcia,4,80.67,6.47,0.0802032973844056
Saturday,Dinner,Peter,4,238.4,54.26,0.22760067114093957
Saturday,Dinner,Cindy,4,242.27,46.37,0.19139802699467534
Tuesday,Dinner,Bobby,4,229.67,41.06,0.1787782470501154
Sunday,Breakfast,Greg,4,48.05,9.25,0.19250780437044746
Saturday,Dinner,Peter,2,116.14,3.36,0.028930600998794558
Saturday,Dinner,Marcia,2,105.36,8.39,0.07963173880030372
Friday,Dinner,Jan,3,155.98,23.27,0.1491857930503911
Wednesday,Dinner,Peter,1,57.95,7.53,0.12993960310612596
Friday,Breakfast,Peter,1,7.02,1.27,0.18091168091168092
Friday,Breakfast,Marcia,4,40.37,1.58,0.039137973742878376
Sunday,Breakfast,Greg,1,11.32,0.95,0.08392226148409894
Thursday,Dinner,Peter,4,238.42,14.63,0.06136230182031709
Friday,Breakfast,Bobby,2,21.01,3.59,0.17087101380295094
Sunday,Dinner,Jan,3,178.78,22.85,0.1278107170824477
Monday,Dinner,Greg,3,192.49,18.62,0.09673229778170295
Friday,Dinner,Greg,4,207.46,25.79,0.12431312060156174
Monday,Dinner,Jan,1,68.43,11.73,0.1714160455940377
Sunday,Dinner,Jan,4,204.66,20.89,0.10207172872080525
Saturday,Dinner,Marcia,2,140.9,9.37,0.06650106458481192
Saturday,Dinner,Greg,1,51.04,6.81,0.13342476489028213
Friday,Dinner,Cindy,1,56.13,10.22,0.18207732050596828
Saturday,Dinner,Greg,2,115.75,15.23,0.1315766738660907
Friday,Dinner,Greg,3,190.32,19.92,0.1046658259773014
Saturday,Breakfast,Greg,3,36.2,6.88,0.1900552486187845
Sunday,Dinner,Jan,1,50.19,8.87,0.17672843195855747
Saturday,Dinner,Cindy,2,114.52,30.41,0.2655431365700314
Saturday,Breakfast,Bobby,4,56.16,7.53,0.1340811965811966
Saturday,Dinner,Bobby,2,114.15,24.65,0.21594393342093735
Friday,Lunch,Greg,1,23.29,4.0,0.17174753112924002
Saturday,Dinner,Greg,1,49.84,10.43,0.2092696629213483
Sunday,Dinner,Cindy,4,237.23,11.06,0.046621422248450874
Saturday,Dinner,Greg,2,123.3,25.13,0.20381184103811842
Friday,Dinner,Marcia,1,61.08,4.44,0.07269155206286838
Saturday,Dinner,Peter,2,100.43,3.0,0.029871552325002486
Wednesday,Dinner,Greg,2,94.22,23.3,0.24729356824453408
Friday,Dinner,Jan,2,110.22,16.1,0.1460714933768826
Saturday,Breakfast,Bobby,2,18.49,4.42,0.2390481341265549
Monday,Dinner,Cindy,2,114.34,15.83,0.13844673779954522
Saturday,Dinner,Jan,4,213.47,51.24,0.24003372839274842
Friday,Dinner,Jan,4,241.33,1.61,0.006671362864127958
Saturday,Breakfast,Greg,4,36.13,2.79,0.0772211458621644
Friday,Dinner,Marcia,4,219.64,28.1,0.12793662356583502
Saturday,Breakfast,Peter,1,15.54,3.37,0.2168597168597169
Friday,Breakfast,Marcia,2,25.14,5.17,0.205648369132856
Tuesday,Dinner,Bobby,4,246.51,41.91,0.17001338688085676
Saturday,Breakfast,Marcia,2,26.63,6.74,0.2530980097634247
Friday,Dinner,Jan,2,103.96,22.32,0.21469796075413622
Wednesday,Dinner,Bobby,4,244.29,63.31,0.25915919603749643
Saturday,Breakfast,Marcia,4,43.63,8.89,0.2037588815035526
Sunday,Dinner,Peter,1,49.57,7.8,0.15735323784547103
Friday,Dinner,Greg,4,234.44,60.65,0.2587015867599386
Saturday,Dinner,Jan,2,105.9,14.43,0.13626062322946175
Friday,Dinner,Peter,4,231.8,16.81,0.07251941328731665
Thursday,Dinner,Peter,2,118.65,14.27,0.12026970080067424
Sunday,Dinner,Greg,4,209.9,52.67,0.2509290138161029
Saturday,Dinner,Cindy,4,225.04,28.25,0.1255332385353715
Friday,Dinner,Marcia,2,130.46,8.65,0.06630384792273494
Friday,Breakfast,Marcia,2,24.59,3.26,0.13257421716144774
Sunday,Breakfast,Jan,4,53.79,9.72,0.18070273284997213
Saturday,Dinner,Peter,4,237.33,46.17,0.1945392491467577
Friday,Dinner,Marcia,2,101.96,11.59,0.11367202824637113
Saturday,Breakfast,Peter,2,21.18,3.46,0.16336166194523136
Wednesday,Dinner,Peter,1,64.11,4.25,0.06629231009202932
Saturday,Dinner,Marcia,1,48.71,12.86,0.2640114966126052
Friday,Dinner,Greg,2,126.26,32.69,0.2589101853318549
Friday,Dinner,Greg,1,58.99,4.16,0.07052042719104933
Saturday,Dinner,Peter,2,116.82,21.13,0.18087656223249443
